heure_estimee,complexite,priorite,phase,experience_technicien,meteo,saison,duree_reelle
6,2,4,4,1.31,3,1,7.82
18,1,1,3,0.6,3,3,23.91
16,2,4,1,1.96,2,0,18.41
15,2,1,3,0.62,1,2,16.3
11,1,4,1,0.94,2,2,14.12
10,1,4,1,1.32,2,0,12.11
3,1,2,0,1.95,0,1,1.0
2,3,2,3,0.78,1,3,5.5
12,2,1,4,1.32,1,3,15.49
10,1,3,1,0.84,0,2,9.2
13,2,3,1,1.0,0,2,13.16
19,3,1,0,1.09,2,2,24.48
12,3,2,4,1.92,0,1,10.48
14,2,4,2,1.66,1,0,14.53
19,2,2,1,1.07,2,1,19.03
20,2,1,3,0.88,0,3,21.37
8,1,4,2,1.55,1,3,8.69
20,3,1,4,1.2,3,0,25.1
5,2,2,1,1.25,3,2,7.78
19,1,4,0,0.91,1,2,18.09
11,2,1,3,1.93,0,1,9.75
5,2,3,3,1.04,1,0,3.89
16,3,1,1,1.27,3,1,19.96
10,3,4,0,1.13,2,1,11.07
12,1,3,1,1.41,2,1,13.21
8,3,4,1,0.52,2,0,9.29
3,1,3,4,1.8,1,0,3.01
9,1,3,3,1.03,3,1,9.2
17,1,4,3,1.42,1,3,17.01
15,2,4,1,0.52,0,3,16.76
12,3,2,1,1.96,2,3,16.08
18,3,3,1,1.15,0,3,18.66
8,1,4,0,1.34,0,3,7.68
9,1,4,2,1.36,0,3,8.78
20,2,2,4,0.59,3,3,26.43
7,3,4,3,0.54,0,1,5.01
12,2,2,2,0.54,0,2,11.88
13,2,3,1,0.78,1,0,11.68
19,2,1,3,1.71,3,1,22.32
17,2,1,0,0.71,2,1,18.76
4,2,2,4,1.39,3,0,6.0
15,1,4,0,1.06,0,1,11.19
9,3,3,2,1.09,1,3,10.83
7,3,2,4,0.88,0,3,8.66
10,2,1,3,1.37,0,0,8.12
8,1,3,1,1.74,2,0,10.17
7,1,3,1,1.71,3,1,7.94
8,1,3,4,1.93,3,3,12.84
14,3,2,4,0.89,0,2,14.87
8,1,1,4,1.47,0,3,8.94
4,3,2,3,1.4,0,3,6.49
9,2,2,1,0.85,1,3,10.17
11,2,2,4,1.79,0,3,11.55
10,1,2,1,1.25,3,1,10.76
13,1,1,0,0.53,3,2,15.85
11,2,1,1,1.16,0,1,10.54
5,3,4,0,0.99,0,3,7.47
14,3,2,2,1.75,3,3,20.49
10,3,4,3,0.53,1,0,10.87
18,3,3,2,1.81,1,3,18.63
12,1,2,2,0.86,0,3,13.27
14,1,3,0,1.93,0,3,14.0
9,1,4,4,0.82,1,3,8.52
18,3,4,3,0.98,3,2,21.54
5,1,3,4,1.06,3,1,5.09
6,2,1,1,0.55,0,2,7.35
9,3,4,4,0.85,3,1,11.83
17,3,1,1,1.12,2,2,22.63
6,3,4,2,1.88,0,3,6.55
4,2,1,3,1.52,2,3,8.6
2,2,4,4,0.71,0,0,2.07
11,3,3,1,0.86,0,2,10.49
16,3,3,0,1.24,2,3,20.47
7,2,4,3,0.54,0,2,6.78
11,2,4,3,1.48,2,3,14.12
6,1,3,1,0.96,2,0,8.46
17,3,4,1,1.43,3,3,23.51
2,2,2,1,1.9,2,1,3.05
19,1,3,3,1.28,0,3,19.48
9,1,3,3,0.73,3,1,9.49
11,1,2,2,1.58,1,1,10.23
14,2,1,2,0.62,3,1,17.12
12,2,2,0,1.89,2,3,15.48
12,2,3,4,0.53,2,1,13.51
4,2,3,4,1.03,0,3,6.17
6,2,4,1,1.18,0,0,3.37
17,2,4,4,0.6,3,1,18.34
10,2,1,3,1.9,3,2,15.17
10,1,1,1,1.06,1,2,9.9
6,3,2,2,0.93,1,0,8.0
5,2,3,4,0.83,3,3,9.07
13,1,4,4,1.32,0,2,12.74
3,2,3,3,1.94,1,3,4.16
3,2,1,2,1.49,1,0,3.91
10,2,4,1,2.0,2,2,11.37
12,3,3,0,1.53,1,2,11.96
7,2,3,4,0.88,3,3,13.22
15,1,3,2,1.18,0,2,14.0
12,3,2,0,1.23,2,2,15.26
15,2,2,1,1.67,3,0,19.24
4,3,2,1,0.7,3,2,9.34
3,3,3,4,1.07,3,1,6.5
4,1,3,1,1.72,0,0,1.09
10,1,4,0,1.89,0,3,8.45
13,2,4,1,1.85,1,2,12.81
13,3,1,0,1.72,1,0,14.28
4,1,2,0,1.55,2,1,2.96
15,2,1,1,1.89,1,1,13.47
18,3,1,2,0.59,2,1,19.77
17,3,4,2,0.81,3,0,18.93
11,2,4,4,0.76,0,3,10.58
14,3,2,1,1.04,2,2,18.21
17,2,3,1,1.36,0,2,16.0
10,1,3,0,0.95,0,2,8.41
15,3,3,2,1.07,2,3,19.88
3,2,1,3,0.67,1,0,2.41
16,1,2,0,1.71,0,0,12.71
6,3,2,3,1.94,3,1,8.94
15,3,2,0,1.03,3,3,20.76
10,2,4,0,1.34,0,3,10.54
11,3,1,0,1.88,2,0,15.04
8,1,2,2,1.38,3,3,11.1
11,1,4,0,1.15,0,2,10.96
8,2,1,2,1.66,0,3,8.85
6,3,3,0,0.93,1,2,6.84
16,1,4,4,0.9,2,2,18.41
14,3,2,3,1.08,1,0,14.6
2,1,3,4,1.7,3,1,3.29
12,3,2,1,1.17,2,0,13.6
2,1,2,3,1.16,2,2,5.27
17,1,3,2,1.25,3,0,19.06
5,2,3,4,1.95,2,1,6.48
10,3,1,0,1.85,2,2,14.16
13,1,4,2,1.24,2,1,11.7
18,3,4,4,0.51,2,3,23.75
10,3,2,0,1.38,3,1,13.59
16,2,3,0,0.74,1,3,18.41
13,3,1,1,0.88,2,2,17.67
7,3,1,4,0.63,3,2,13.82
11,3,1,2,1.14,0,0,10.52
9,2,3,4,1.11,1,0,7.5
10,3,1,1,0.62,2,2,14.05
14,2,1,3,1.7,1,3,17.05
5,2,2,1,1.41,1,3,6.43
18,2,1,1,0.55,2,1,20.83
10,1,4,0,0.56,3,1,9.96
20,1,2,1,1.95,1,3,20.37
8,1,2,3,1.19,2,1,7.16
17,2,4,4,1.28,0,3,16.27
9,1,3,1,1.6,3,3,14.0
10,3,2,4,1.13,2,0,12.95
8,2,1,4,0.64,0,3,8.32
14,2,2,2,1.59,2,2,18.26
9,3,1,2,1.27,2,0,11.68
9,3,1,3,1.73,1,3,11.13
5,2,3,0,1.48,0,2,4.66
5,1,4,4,1.96,2,1,3.05
16,1,1,0,0.59,2,2,18.28
13,3,3,0,1.55,1,2,14.08
2,1,2,0,0.64,2,3,5.62
2,3,4,1,1.08,0,1,1.0
20,2,4,2,1.44,1,2,19.93
15,1,2,3,1.88,3,1,16.79
12,2,3,3,0.54,0,2,12.87
4,3,4,4,1.23,3,0,6.07
10,3,3,3,1.73,2,1,10.06
13,3,4,3,0.68,3,3,18.18
7,1,2,2,1.33,1,0,7.2
15,2,2,0,0.81,2,3,17.89
9,3,2,4,1.81,0,2,9.63
16,1,2,4,1.66,0,0,12.84
10,3,2,2,1.86,3,0,13.07
2,1,1,0,1.81,2,3,5.39
20,2,4,3,0.95,1,1,18.77
10,1,2,0,1.51,2,0,10.67
3,3,2,3,1.65,0,2,3.02
20,3,3,1,1.76,0,1,17.6
10,1,4,4,1.65,0,2,8.23
13,3,3,0,1.7,0,1,12.0
4,2,2,2,1.71,3,3,7.98
10,1,4,3,1.79,3,2,13.71
11,1,4,0,0.71,0,0,8.01
10,3,4,0,0.96,3,2,14.8
17,1,4,0,1.41,3,2,19.28
16,1,4,1,0.61,0,2,15.79
15,2,1,0,0.8,0,3,16.27
8,3,2,3,1.79,1,2,9.67
5,3,1,2,1.68,3,0,9.56
9,1,4,1,0.99,2,2,9.97
11,2,4,3,1.68,1,1,7.72
19,3,4,1,1.95,3,1,19.63
15,3,2,2,0.6,3,1,17.79
15,3,3,0,0.55,3,1,18.27
10,3,2,1,1.32,3,0,14.38
19,1,4,4,1.55,2,2,20.11
16,2,3,3,0.84,2,0,18.02
16,3,2,1,1.02,1,1,15.62
9,3,4,3,1.28,2,1,10.13
13,2,3,2,1.56,0,1,9.57
17,1,4,1,1.9,1,1,14.11
17,3,1,4,0.56,0,2,19.45
8,2,3,0,1.24,3,1,10.87
19,1,1,3,1.98,3,0,21.96
19,1,1,1,0.76,2,3,23.3
16,3,3,1,1.92,1,1,15.64
7,1,4,3,1.03,1,2,7.06
7,3,3,3,0.83,1,3,10.27
16,2,3,0,0.54,2,0,17.87
9,3,3,1,0.6,0,2,10.31
9,1,1,2,0.9,1,3,11.92
9,1,1,3,0.82,3,1,9.95
17,3,3,1,1.05,1,0,16.45
6,3,3,4,1.11,0,2,5.87
12,3,2,1,1.25,0,2,13.74
10,2,2,2,0.62,3,2,13.5
14,3,1,0,0.75,2,0,16.58
18,3,3,0,1.46,1,2,20.31
2,1,1,2,1.74,2,3,5.55
2,1,4,4,1.3,3,0,2.31
16,2,3,2,1.66,3,3,19.24
9,2,1,0,0.99,2,3,12.96
2,3,3,2,1.06,3,2,6.82
9,3,2,3,1.9,1,0,10.24
7,3,4,0,1.41,0,3,7.56
2,1,1,4,1.87,0,2,1.0
6,2,3,1,1.13,2,0,8.13
13,1,2,4,0.88,1,1,10.8
12,2,2,4,1.11,1,3,14.01
11,3,1,2,1.56,1,0,11.23
14,3,1,3,0.85,0,1,14.37
10,2,2,2,1.37,2,3,15.05
20,2,4,1,1.83,1,3,20.18
17,1,4,1,1.73,0,2,14.47
4,2,4,1,0.74,1,3,6.81
20,3,1,3,1.06,3,2,26.23
8,3,4,4,1.87,2,0,9.79
10,3,4,3,1.32,3,3,14.01
20,3,4,2,1.34,2,2,22.53
19,3,1,4,1.29,2,0,22.91
16,3,4,2,1.79,0,0,15.72
6,3,3,2,1.37,1,1,4.69
3,1,1,4,1.41,3,1,5.63
19,1,2,4,1.56,2,2,20.94
9,1,1,4,0.67,1,3,10.36
9,1,4,4,1.69,1,1,6.46
18,1,2,3,1.94,0,0,15.12
12,3,2,2,0.99,1,1,11.41
3,1,1,0,1.42,3,2,5.39
4,1,1,3,0.59,0,0,2.46
13,2,4,3,1.97,3,2,15.54
9,1,2,0,0.73,2,1,8.77
6,1,2,3,1.8,2,0,7.14
17,1,1,4,0.66,3,3,21.89
2,2,1,1,1.49,0,3,4.55
4,2,1,3,1.61,2,1,5.47
15,2,3,4,1.41,2,1,17.08
16,1,4,4,1.29,0,0,13.36
13,2,3,4,1.58,0,2,12.0
18,3,3,1,1.65,1,1,16.25
8,3,4,1,1.39,0,3,7.88
5,3,1,3,0.81,3,2,8.91
8,2,2,3,1.18,1,3,8.94
18,2,4,2,0.55,2,0,20.06
5,1,2,4,1.31,2,2,7.63
16,1,3,3,1.38,3,2,17.57
2,3,2,0,1.07,0,1,1.46
7,2,1,1,1.15,1,1,6.43
16,2,1,3,1.21,3,0,20.59
9,1,3,3,1.64,1,0,6.76
4,1,2,1,0.7,0,2,3.66
7,2,1,0,1.85,2,3,9.69
15,2,1,4,1.12,1,3,18.47
16,2,2,3,0.82,2,3,19.53
17,3,2,3,1.64,0,1,16.27
18,2,2,2,0.96,0,1,17.28
3,1,1,3,0.55,1,0,3.22
7,3,3,2,0.95,2,2,11.86
14,2,3,3,1.87,2,1,14.63
6,1,1,4,0.94,0,2,6.94
19,2,2,0,0.91,3,2,22.13
8,1,1,1,1.39,2,3,10.81
4,2,2,4,0.87,2,1,4.88
2,3,2,0,1.06,0,3,3.71
8,3,2,2,0.95,0,2,9.06
7,2,4,3,1.31,1,2,8.15
12,3,4,0,0.98,3,2,15.69
10,3,4,0,0.66,2,0,12.67
20,2,1,3,1.41,0,3,22.12
5,2,1,2,0.92,2,0,6.4
14,1,1,0,1.98,2,1,13.1
14,3,2,1,1.06,3,2,17.84
20,3,1,4,1.69,1,3,23.96
16,2,1,1,0.88,3,1,17.5
16,2,4,2,0.74,3,1,16.91
6,3,3,3,0.91,0,2,6.8
8,2,4,2,1.46,3,0,9.92
6,2,4,1,1.37,0,2,6.75
12,3,1,3,1.46,2,0,13.87
20,3,4,3,1.88,2,2,23.32
13,3,2,3,1.94,3,0,15.32
11,2,4,3,1.28,2,2,12.83
19,3,4,2,1.34,3,0,21.72
20,2,4,2,1.47,2,2,22.12
18,3,3,4,1.25,3,3,22.76
16,3,3,2,1.25,0,0,16.75
18,3,1,2,0.95,0,2,18.61
14,1,1,1,1.28,1,3,17.05
2,1,3,1,1.55,2,3,5.63
2,3,1,1,0.51,0,3,3.58
12,1,2,3,0.5,3,2,15.35
14,2,2,1,0.75,1,3,16.44
10,3,1,3,1.51,1,3,11.9
6,3,1,2,0.61,0,3,8.9
18,2,1,3,0.9,3,0,20.93
20,1,3,1,1.44,3,3,22.78
8,2,3,1,0.74,3,1,11.03
16,3,2,0,1.24,0,1,13.88
6,3,2,0,1.42,3,1,9.88
2,3,3,1,1.28,0,0,1.69
12,3,3,0,1.64,2,0,13.05
16,2,1,3,1.29,3,1,17.59
14,2,2,4,0.93,1,2,14.21
7,3,3,3,1.82,2,0,8.56
12,3,4,2,1.68,3,3,17.03
19,1,3,1,0.7,2,3,21.35
8,3,3,1,1.93,2,0,10.09
10,2,2,3,1.12,2,2,13.11
5,2,4,3,0.53,2,2,8.96
3,1,3,1,0.88,2,0,4.99
7,3,4,0,1.53,0,1,4.77
8,3,1,0,1.41,3,0,11.81
20,1,4,4,0.76,3,2,21.86
18,1,3,2,1.97,0,2,16.02
14,2,2,4,1.36,1,3,16.98
13,1,4,3,0.8,1,1,10.88
6,1,1,2,1.84,0,2,5.06
14,3,4,3,1.82,0,1,12.3
18,1,3,2,1.63,0,3,18.6
20,2,2,1,1.81,2,0,21.84
17,2,2,2,0.98,3,3,21.97
11,3,1,4,0.92,2,0,15.36
9,3,1,4,1.88,0,0,8.42
19,3,2,4,1.59,1,2,20.53
17,1,1,0,1.14,2,0,19.99
6,3,3,1,0.63,3,0,9.61
9,3,3,0,1.39,0,1,8.79
15,3,4,0,0.73,2,2,18.01
4,1,2,4,0.95,2,3,7.86
3,3,4,3,0.55,0,2,2.78
8,2,3,0,1.94,0,0,7.23
20,3,3,1,1.69,1,3,22.77
13,2,1,3,1.77,1,1,12.84
5,1,3,4,0.62,0,3,3.93
12,3,2,2,1.8,2,1,13.88
17,1,4,3,0.82,2,1,15.79
11,1,3,4,0.61,3,1,13.23
5,3,1,3,1.98,0,2,5.74
12,1,3,1,1.74,1,2,12.02
17,2,1,2,0.58,2,2,21.17
19,3,2,3,0.81,1,1,20.06
12,3,3,2,1.11,2,3,17.46
2,3,1,3,1.47,2,2,5.9
18,1,3,0,1.69,0,2,15.41
15,1,2,2,0.58,3,1,17.75
2,2,3,3,0.65,0,0,1.32
11,3,4,0,0.94,1,3,14.34
17,3,1,0,0.78,3,1,19.06
20,3,2,3,1.68,0,2,19.07
3,2,3,0,1.97,0,3,2.42
17,3,1,1,1.76,1,1,16.65
8,2,2,1,0.62,0,1,5.52
2,1,4,0,0.61,1,1,1.0
3,1,2,3,0.75,3,0,6.02
3,1,3,2,0.51,0,2,3.07
12,1,4,0,0.88,2,0,12.69
16,2,4,4,0.79,2,0,16.54
18,2,3,0,1.6,3,2,22.67
18,3,3,3,1.62,0,3,18.01
2,2,1,2,1.56,2,1,2.04
13,1,3,1,0.79,0,1,9.35
11,1,4,4,1.31,1,2,9.83
10,2,1,1,0.98,2,2,14.7
15,1,3,2,0.85,2,3,17.59
2,2,2,0,1.5,1,3,4.92
9,2,1,0,1.53,2,0,9.78
10,2,3,1,1.14,0,3,12.22
20,3,2,2,0.69,1,1,19.67
2,3,1,4,0.9,2,0,4.89
19,1,4,4,0.86,3,3,21.55
16,3,4,1,1.21,0,2,15.27
19,1,1,2,1.09,2,3,22.42
19,3,3,3,1.43,0,0,17.21
8,1,1,1,1.96,0,3,8.87
18,3,1,4,1.81,1,0,18.61
5,2,1,3,1.48,2,3,9.16
7,2,4,2,0.54,3,2,11.21
5,1,3,1,1.34,0,0,3.8
3,3,4,3,1.64,3,0,4.5
14,1,2,4,1.07,0,1,10.94
17,2,2,2,0.72,0,2,17.4
3,2,1,3,1.44,2,1,5.3
6,2,4,4,1.63,0,1,3.47
6,1,4,1,0.94,1,2,5.63
3,2,4,1,1.65,2,0,2.78
18,3,3,4,0.72,1,1,17.89
2,3,2,3,1.08,1,2,3.81
6,2,4,0,0.98,2,2,8.7
14,2,2,1,1.75,3,0,16.5
6,3,4,2,1.06,3,1,8.76
17,2,3,2,0.77,2,0,18.16
18,2,4,4,0.6,3,3,21.96
12,1,3,4,1.64,2,2,15.18
7,1,4,0,1.62,0,1,2.67
2,3,3,4,0.99,2,2,4.59
11,2,3,2,1.24,2,2,12.66
6,1,1,2,0.69,2,3,10.96
7,3,4,1,1.21,0,1,5.03
9,3,2,2,1.32,1,1,8.9
17,3,3,4,1.15,0,3,19.81
15,1,1,2,0.9,3,1,17.34
19,1,2,3,0.67,0,1,16.81
10,3,2,1,0.63,1,0,12.6
20,1,3,1,0.51,0,2,19.46
11,1,1,1,1.54,3,0,13.44
3,1,1,1,1.63,3,2,7.36
8,1,1,2,1.32,2,0,9.55
5,3,3,0,1.92,1,0,5.95
7,1,2,2,1.09,3,3,11.34
14,2,3,2,1.58,1,0,14.74
7,1,3,1,1.31,3,3,10.1
10,2,1,0,1.9,3,0,13.84
20,3,4,2,1.44,0,3,21.59
3,1,4,2,1.07,0,1,1.0
5,2,2,3,1.13,2,2,7.91
18,3,2,4,1.58,3,3,24.75
11,3,1,2,0.99,3,2,14.99
20,1,4,1,1.87,2,3,21.85
14,3,2,2,1.68,2,0,17.34
4,2,1,0,1.14,2,0,6.7
4,1,4,0,1.9,3,1,2.99
12,1,2,4,1.94,2,1,12.91
19,1,1,4,1.17,2,3,22.32
5,1,3,2,1.9,1,3,6.27
7,1,4,2,0.64,3,1,9.4
3,3,2,2,1.19,1,2,5.0
15,1,3,2,0.63,3,0,18.36
18,1,1,0,1.52,0,1,16.67
8,3,1,1,1.02,3,1,11.66
16,2,4,0,1.36,2,1,14.97
16,1,2,1,1.84,3,2,20.31
8,3,4,0,0.83,3,0,11.77
9,1,2,2,0.78,0,0,6.94
4,2,2,2,0.83,2,3,8.12
15,2,4,2,1.01,1,2,16.89
18,1,1,3,1.96,2,1,19.53
19,2,1,4,1.13,2,1,20.65
18,2,4,2,0.58,3,2,23.14
15,3,3,1,1.27,3,3,20.73
18,1,2,0,0.68,1,3,18.94
16,2,3,2,1.1,2,1,17.83
14,3,2,3,1.72,3,1,17.06
17,1,4,4,1.25,3,2,21.0
6,3,1,0,1.5,2,1,7.26
7,1,2,0,0.73,3,2,10.41
17,3,1,3,0.53,2,2,20.22
8,3,1,3,0.67,2,1,11.61
14,2,1,1,0.81,1,0,14.71
11,3,1,0,1.92,2,0,13.88
5,3,4,0,0.54,3,1,8.5
2,2,4,1,1.2,2,2,4.51
3,1,3,1,1.2,2,0,2.77
11,1,3,4,0.89,1,0,11.75
8,3,4,3,0.94,0,3,8.64
14,3,3,2,0.93,0,3,16.25
5,2,1,0,1.53,0,3,5.34
4,2,3,3,1.65,2,3,6.56
6,1,2,4,0.93,1,3,7.06
17,3,4,1,1.02,0,1,16.4
7,3,2,1,0.94,0,0,5.99
12,1,4,0,1.72,1,0,9.44
4,3,1,1,1.54,2,1,4.97
6,3,2,3,1.66,0,2,7.51
20,2,2,2,1.43,3,2,22.46
7,1,2,1,1.72,1,3,9.48
15,3,2,3,0.62,3,3,19.7
2,1,2,2,1.82,1,2,2.99
20,3,1,1,1.24,0,0,19.72
9,1,2,3,1.76,2,1,9.54
17,1,3,1,1.34,0,2,14.95
13,1,3,0,1.14,2,0,14.49
16,2,2,4,1.75,0,0,15.06
7,3,2,2,1.5,0,3,10.1
13,1,4,1,1.4,1,3,13.17
19,3,4,3,1.66,0,0,19.04
12,2,2,4,1.44,3,3,16.11
9,1,1,3,1.98,3,1,9.28
10,2,4,0,1.32,1,1,8.53
19,1,4,1,0.73,1,2,17.62
13,2,2,3,1.85,1,2,12.74
7,1,3,2,1.68,3,1,9.11
6,3,4,2,0.55,0,3,6.09
19,1,3,0,1.15,0,0,17.87
4,1,2,1,0.93,2,3,6.76
12,2,4,1,1.18,3,2,15.57
6,1,4,2,1.86,0,3,6.75
4,1,4,4,0.87,1,0,4.22
19,1,4,2,1.96,3,0,20.72
7,3,2,3,1.2,1,1,6.92
9,3,4,1,0.53,3,2,14.71
5,1,2,3,1.21,2,3,6.89
9,1,3,0,0.63,2,0,10.31
12,2,3,3,1.06,2,3,15.83
15,3,4,3,1.6,2,1,16.1
14,3,1,1,1.22,0,2,16.27
17,3,3,1,1.09,1,0,17.63
8,2,1,4,0.93,1,0,8.88
16,2,3,1,0.66,1,0,15.89
12,3,4,1,1.99,2,3,14.64
15,1,1,0,1.08,2,3,17.57
5,3,2,2,1.96,0,2,4.03
17,2,4,1,0.77,2,1,17.79
12,2,1,0,1.98,3,1,12.83
7,1,1,2,1.78,3,1,9.38
12,2,3,2,1.3,0,3,12.74
16,1,3,3,1.39,0,2,14.96
11,1,3,1,0.74,1,2,12.64
16,2,3,3,1.33,1,3,17.16
12,3,2,3,1.71,2,2,14.46
20,2,2,2,0.61,2,2,22.66
20,2,3,0,1.88,3,2,23.66
19,1,2,3,1.17,2,2,21.85
14,2,3,0,1.11,0,0,13.69
6,1,1,0,1.72,3,1,7.89
19,1,3,1,1.98,2,0,20.38
2,1,2,1,0.54,1,2,1.59
7,1,3,1,1.86,1,0,5.73
5,2,4,4,0.52,0,2,4.71
4,1,4,4,1.22,0,3,4.58
10,3,2,2,1.36,3,1,11.32
13,1,3,0,0.53,3,2,16.73
9,3,1,2,1.78,3,2,13.05
17,3,1,4,1.74,0,0,15.44
3,1,2,3,0.95,3,2,7.52
14,2,4,3,0.65,3,1,16.38
5,3,4,2,0.73,3,3,10.21
3,2,1,0,1.74,3,3,7.09
9,1,2,4,0.9,1,1,8.3
9,3,1,4,0.64,3,3,14.89
9,3,1,3,1.33,2,0,13.26
18,2,3,4,1.34,1,0,16.72
18,3,1,1,0.93,2,1,19.95
5,3,4,0,0.76,2,1,6.97
16,3,3,0,1.67,2,1,18.43
8,1,3,1,0.85,2,1,8.49
19,3,4,1,0.7,0,1,16.17
2,1,4,4,0.62,0,3,3.48
10,3,3,3,0.86,3,0,13.19
5,2,1,0,1.44,0,2,6.58
3,2,4,0,0.98,3,0,4.88
18,2,2,2,1.44,0,1,14.98
3,2,2,2,0.84,2,1,4.24
6,1,1,0,0.6,2,0,7.15
5,1,4,3,1.72,1,2,4.06
19,3,4,0,0.67,0,3,21.5
11,1,2,3,0.96,1,0,11.97
6,2,3,2,1.89,1,2,4.96
17,2,4,4,1.89,3,3,21.53
13,1,3,1,1.91,0,2,11.55
10,3,3,3,0.62,2,1,12.17
15,3,4,4,0.82,3,2,20.39
16,2,2,3,0.7,1,1,15.19
18,2,2,2,0.95,0,3,18.15
2,2,2,3,1.46,3,1,2.64
3,1,2,3,0.52,0,1,1.0
6,2,4,3,0.66,1,3,6.98
12,1,2,2,0.94,3,3,15.82
6,2,3,1,0.59,0,3,8.46
18,3,2,3,0.77,3,1,22.29
4,2,2,2,1.1,3,0,6.94
12,3,1,0,0.75,0,2,11.97
20,2,2,1,1.48,1,0,19.88
9,1,4,4,1.71,0,3,8.89
6,3,3,2,1.22,3,2,11.13
7,1,3,4,1.73,1,1,3.5
3,2,1,2,0.92,1,0,2.57
12,2,1,2,0.53,2,3,15.95
7,3,1,3,1.63,2,1,10.15
14,3,2,2,0.53,0,0,13.85
13,2,4,2,0.82,0,3,14.52
14,2,3,0,1.28,3,1,14.43
8,2,4,3,1.43,3,3,12.88
18,2,3,1,1.67,2,3,21.19
8,2,4,0,1.44,1,0,8.46
15,1,1,2,1.93,1,0,14.23
11,2,2,4,1.53,0,0,9.23
7,1,2,0,1.23,3,3,12.7
8,1,3,0,1.46,2,3,10.6
12,2,1,4,0.5,3,1,15.92
10,2,3,4,1.48,2,3,13.04
20,1,4,0,0.52,1,2,18.73
10,2,3,0,1.61,1,3,11.06
9,1,3,1,1.57,3,1,8.59
11,2,4,0,1.54,0,3,12.22
18,1,4,4,1.86,0,2,15.27
7,1,4,2,1.29,1,1,3.78
16,2,1,0,1.42,2,0,19.31
15,3,4,0,0.75,3,3,20.2
15,1,1,2,1.73,1,2,15.09
8,3,2,1,1.31,2,2,11.85
9,2,1,4,1.94,0,2,9.98
14,3,3,0,0.9,0,0,12.45
13,1,2,1,1.02,0,0,10.16
3,2,3,4,1.33,0,0,1.71
9,3,4,0,1.79,1,3,10.35
7,3,2,2,1.66,1,2,8.55
3,3,1,1,1.69,2,2,7.12
7,1,3,2,1.52,1,0,5.38
19,3,3,4,1.83,1,2,20.67
14,1,4,3,0.82,3,1,16.47
10,2,1,2,1.22,3,0,14.2
6,1,1,3,1.62,1,3,7.76
4,2,1,0,0.82,2,3,8.47
15,2,4,0,1.09,2,3,18.65
4,2,3,2,0.72,0,0,4.37
9,1,4,1,1.04,0,0,5.66
19,3,2,3,1.34,3,3,25.44
11,2,4,2,1.0,3,0,14.99
7,3,4,2,1.39,2,1,7.72
2,2,4,2,0.87,3,0,5.46
13,3,3,4,1.66,0,3,15.39
13,3,1,4,0.78,1,2,14.34
3,2,3,3,1.06,0,1,1.0
11,1,4,3,1.59,2,3,12.96
7,1,4,1,1.69,1,0,4.04
6,1,2,0,1.69,0,0,4.41
12,1,3,3,0.59,0,0,9.06
2,1,4,4,1.45,2,2,3.49
10,2,2,3,0.74,3,2,12.89
13,3,4,0,0.66,1,2,15.76
10,1,3,2,1.92,2,2,12.54
14,2,1,4,1.38,2,2,17.61
14,1,2,2,1.25,0,2,11.86
14,1,4,2,1.08,0,1,11.68
6,1,1,3,1.72,3,0,9.54
7,2,2,4,1.37,2,2,9.38
9,2,1,0,1.64,2,0,9.9
5,3,3,2,1.32,0,3,7.57
20,2,2,4,0.9,2,1,20.57
6,1,2,0,1.22,0,0,3.65
11,1,2,0,1.05,1,3,12.76
6,2,3,2,1.23,1,1,6.15
10,1,2,4,1.76,3,3,13.2
5,3,2,0,1.2,1,2,5.36
20,3,2,4,0.82,2,0,21.84
11,1,2,3,0.52,3,1,12.98
12,2,3,4,0.56,0,3,14.09
18,1,2,1,1.92,2,3,21.21
3,1,1,3,0.99,2,3,7.92
20,2,3,1,1.16,3,3,24.6
9,3,2,0,0.84,0,0,7.74
5,1,1,1,1.4,3,3,8.19
15,3,4,2,1.45,0,1,12.65
10,3,1,4,1.08,3,3,15.29
14,1,4,2,0.64,3,3,16.99
2,2,1,0,1.61,0,3,4.47
3,3,3,2,1.92,2,1,4.0
16,1,3,2,1.05,1,1,13.82
20,3,4,3,1.18,1,0,19.6
11,2,1,2,1.76,1,1,10.9
2,3,2,1,1.17,2,0,3.65
10,1,2,4,1.66,2,0,10.27
8,2,4,2,0.63,1,1,6.57
7,1,2,2,1.71,1,3,9.57
12,1,3,4,0.8,3,3,17.38
6,2,4,0,1.32,2,1,7.03
18,3,3,1,0.94,0,0,18.73
13,2,2,3,1.46,1,2,13.02
5,2,4,2,1.39,3,3,9.39
8,3,3,0,1.29,0,0,7.29
2,1,2,2,0.58,3,0,5.98
12,1,3,0,0.5,0,2,11.71
20,2,1,0,1.68,1,3,22.72
17,2,1,0,1.35,1,1,16.26
11,1,1,4,1.1,2,0,12.64
15,2,4,2,0.61,0,1,13.62
18,1,3,2,0.62,3,0,20.13
13,3,2,3,1.22,0,0,11.33
19,1,1,2,0.79,3,0,20.85
4,1,3,1,1.83,0,2,1.9
3,3,2,0,1.37,1,2,4.42
19,1,3,1,1.43,1,2,17.92
19,3,1,3,1.16,0,3,20.07
20,3,3,4,1.22,1,0,21.71
8,1,2,1,0.76,1,0,7.03
17,2,4,0,0.91,3,3,21.91
3,3,3,4,1.37,0,1,1.0
17,1,2,0,1.24,0,1,15.52
8,1,2,2,0.75,1,3,10.25
3,3,1,0,0.6,0,1,1.7
7,3,4,2,0.98,3,2,10.76
12,3,1,0,0.8,3,0,17.42
9,1,4,4,0.9,0,1,4.63
7,1,1,3,1.45,3,1,8.57
16,3,1,2,1.13,2,2,20.57
3,3,3,3,1.33,3,0,6.29
8,2,2,0,0.57,2,3,13.12
9,3,2,2,0.98,3,2,13.8
6,1,2,0,1.79,3,0,7.39
10,1,2,1,1.51,1,2,11.11
4,2,1,1,0.69,2,2,6.59
8,3,3,2,0.66,3,3,13.16
9,2,1,3,1.33,1,3,11.48
11,3,4,0,0.63,2,3,16.64
16,2,3,2,1.7,3,2,18.68
18,1,2,4,1.0,3,2,20.56
15,2,3,4,1.43,1,3,16.81
14,1,4,0,0.56,0,1,10.51
16,2,4,2,0.64,2,1,16.86
12,3,3,3,0.99,3,3,17.18
18,1,2,3,0.74,2,1,19.01
5,2,4,2,0.88,1,1,3.42
15,3,3,0,1.04,1,3,17.71
6,3,2,1,0.95,0,2,7.37
8,3,3,4,1.67,1,2,9.12
11,1,3,3,1.94,0,0,9.4
10,1,1,1,1.78,0,0,7.56
9,3,3,3,1.11,0,2,9.61
4,1,2,0,0.95,0,2,4.56
10,3,3,0,1.78,1,1,9.27
13,1,4,1,0.77,0,0,12.53
4,3,2,4,0.95,3,2,9.0
7,1,1,1,0.8,0,1,3.83
18,2,4,3,1.31,2,1,16.99
5,3,3,4,0.72,1,0,6.74
5,2,4,4,1.79,0,3,5.51
15,1,3,3,1.36,2,2,17.44
12,1,4,1,0.64,3,3,16.19
14,3,4,1,1.81,2,1,13.42
17,3,3,1,0.87,3,1,19.5
4,3,1,3,1.12,1,3,5.68
19,2,2,3,0.83,2,3,22.59
7,3,4,0,1.93,1,1,5.51
13,2,2,3,1.44,1,3,14.11
12,3,2,3,1.46,0,2,14.02
20,3,3,3,1.48,0,2,19.82
18,2,3,0,1.63,2,1,17.66
11,3,2,0,1.05,2,2,15.2
9,1,3,1,0.6,0,3,9.05
17,3,1,1,0.91,1,1,18.05
20,3,3,1,1.54,3,3,26.67
17,2,3,1,0.79,2,1,16.6
11,1,2,2,1.17,3,0,12.26
10,3,3,3,1.53,1,2,9.85
10,3,4,4,1.47,0,3,11.39
19,2,4,0,1.11,0,3,20.6
9,2,4,1,1.5,0,3,9.75
8,1,3,4,1.89,2,3,11.19
10,3,1,3,1.41,3,3,15.73
3,3,4,3,0.64,1,3,4.98
4,2,3,0,1.06,3,2,9.36
4,3,2,4,1.41,2,0,7.15
8,1,3,4,1.43,3,3,11.82
10,2,3,4,0.76,3,2,14.6
7,2,2,4,1.01,0,1,3.79
15,3,2,3,0.91,3,3,21.62
2,1,4,0,1.64,2,3,5.8
15,1,2,2,0.76,2,2,17.54
16,1,4,0,0.9,2,2,18.12
4,3,3,2,1.31,1,0,4.37
16,2,1,2,0.57,2,0,19.15
18,1,4,3,1.58,1,2,16.78
5,3,3,4,1.57,1,0,5.44
7,1,2,2,0.66,3,0,10.55
10,1,2,2,1.52,1,2,9.1
12,3,4,3,1.51,0,2,13.03
15,1,3,2,1.37,0,2,14.59
12,2,4,2,0.85,2,0,15.08
2,2,4,2,0.74,1,0,1.1
13,3,3,4,0.55,1,3,15.23
10,2,4,2,1.74,3,1,11.58
11,3,4,4,1.89,2,1,12.27
10,2,2,3,0.71,1,3,12.81
19,3,3,2,0.89,3,1,21.24
19,2,1,1,1.7,0,3,20.61
4,1,4,2,0.59,1,3,4.2
6,3,2,3,1.89,0,0,5.63
19,2,4,1,0.87,3,0,20.94
10,3,3,3,1.36,1,0,9.44
15,1,1,0,1.1,1,0,13.53
19,3,3,4,1.36,0,0,18.09
3,1,4,4,0.7,1,0,1.85
8,3,2,0,0.78,0,3,11.33
8,3,1,3,1.58,0,0,8.72
15,1,4,0,1.99,2,0,14.09
7,1,4,1,1.83,3,1,7.53
2,2,4,3,1.43,1,0,2.82
4,3,4,2,1.72,3,2,9.07
7,1,1,0,0.89,3,3,10.74
19,3,4,4,0.66,1,3,21.26
20,3,3,4,1.22,1,1,20.12
8,1,3,4,1.27,0,3,7.55
12,3,2,2,1.34,1,3,13.87
11,3,1,1,0.84,0,3,13.91
10,3,2,4,1.82,3,3,16.7
19,2,4,1,0.82,0,3,18.25
3,1,4,2,1.2,1,2,3.59
10,1,1,4,0.61,3,1,13.5
17,2,3,1,1.33,1,0,15.54
13,2,3,1,0.98,2,2,17.12
17,3,1,2,1.31,1,0,18.0
12,2,3,4,0.98,1,2,13.41
7,1,4,3,1.61,3,0,7.33
9,2,3,1,1.17,1,1,8.37
16,2,2,1,1.52,3,1,17.61
16,1,3,4,1.01,2,3,19.69
4,1,1,2,0.96,2,2,8.22
4,3,1,0,1.13,3,2,9.77
7,2,4,1,1.04,1,3,7.67
9,3,4,0,1.54,1,2,8.94
14,3,1,3,1.28,3,2,17.98
11,2,2,4,1.01,2,3,13.72
9,1,4,1,1.22,2,3,11.74
11,2,4,1,1.43,1,2,10.97
12,2,3,2,1.59,3,1,13.9
17,1,2,3,1.5,3,2,20.42
3,2,4,1,0.94,3,3,6.7
10,3,3,0,1.47,2,1,10.31
17,2,4,4,0.96,3,3,22.01
19,1,4,0,0.52,3,3,21.86
6,2,1,4,1.42,3,2,9.44
15,3,3,0,0.81,3,2,18.61
9,3,3,1,1.86,1,2,9.44
9,2,1,1,0.87,0,3,10.92
2,3,3,0,1.11,1,0,1.13
5,1,1,4,1.02,1,3,6.77
19,1,1,3,1.94,3,1,20.0
5,3,1,2,1.3,0,0,4.38
3,2,4,2,1.06,0,1,1.97
13,3,4,1,1.29,2,1,13.22
5,2,3,2,1.33,3,2,9.51
11,3,1,2,1.1,1,3,15.01
8,1,2,1,1.84,3,1,10.27
15,1,1,4,1.92,0,0,14.22
2,2,4,0,1.58,1,3,2.2
8,2,1,4,0.67,3,1,9.52
14,1,3,4,1.97,3,3,18.37
12,1,3,0,0.76,2,3,14.68
11,2,3,4,1.04,3,3,16.58
13,1,2,3,0.77,3,3,18.35
7,2,3,4,1.8,3,1,7.96
5,3,4,3,1.09,1,0,6.43
20,3,3,4,1.61,1,3,22.54
9,1,1,4,0.7,3,1,11.26
16,1,1,1,0.89,3,1,16.55
10,2,4,3,1.89,1,3,12.0
15,2,2,2,1.67,0,0,14.63
14,2,2,4,0.73,0,0,12.02
7,1,2,1,1.98,0,3,6.41
20,2,4,3,1.63,2,2,21.18
14,2,2,4,0.72,3,3,20.47
20,3,3,2,1.27,2,3,25.21
19,3,1,3,1.92,2,0,21.63
9,1,3,1,1.55,0,3,9.01
13,3,2,4,1.24,2,0,14.35
6,1,3,3,1.97,0,2,5.42
18,2,4,0,1.75,2,2,19.63
15,2,4,2,0.54,2,2,17.76
20,3,2,4,2.0,3,2,25.28
13,1,4,4,1.7,1,2,12.35
19,3,4,3,1.01,3,0,22.6
5,2,4,1,0.81,2,1,6.47
20,1,1,4,1.26,0,0,19.22
2,3,3,4,1.22,2,0,5.66
8,1,2,3,0.8,2,0,8.93
19,2,2,2,0.52,3,1,21.12
9,2,4,2,1.12,1,1,6.91
20,2,2,3,1.15,3,0,24.4
15,3,2,1,1.35,3,0,18.57
3,2,1,3,1.31,3,2,7.13
19,3,1,1,1.56,0,3,19.73
18,2,4,2,0.92,1,0,17.52
15,3,4,1,1.68,3,3,21.28
5,2,1,0,1.29,0,3,6.33
19,3,1,2,1.23,2,0,20.95
12,1,1,1,1.78,1,2,11.82
10,3,4,0,1.12,0,2,9.22
9,1,3,3,1.36,1,3,9.09
10,3,2,2,0.61,3,1,13.92
13,1,3,2,1.43,3,1,14.46
13,1,3,1,0.56,3,1,13.8
17,3,2,2,1.11,0,1,15.79
19,2,3,4,1.38,0,2,19.08
8,2,1,2,1.83,0,3,9.65
9,3,1,0,1.24,3,3,14.26
20,1,4,3,0.55,0,2,20.12
6,3,3,1,1.64,2,1,6.87
20,2,2,1,1.82,1,0,19.78
9,3,1,0,1.21,3,2,14.35
7,1,1,4,0.59,1,3,7.55
5,2,2,2,1.94,3,1,5.77
16,2,1,4,1.18,0,1,15.68
20,3,2,0,1.63,2,3,25.23
8,1,4,4,0.77,1,3,10.17
20,2,4,4,1.95,1,1,16.66
14,2,1,1,1.52,2,3,19.51
11,2,2,1,1.96,3,2,15.92
18,1,2,4,0.55,2,0,19.31
11,1,1,4,1.66,2,1,11.83
5,3,3,2,1.52,0,3,7.2
4,2,1,0,1.25,3,0,7.19
12,3,3,2,1.36,1,2,14.69
3,3,1,1,1.09,1,2,5.14
15,1,2,4,0.56,3,2,19.18
10,1,1,3,0.66,0,1,6.93
17,3,2,1,0.61,3,2,20.94
10,3,2,3,1.21,3,3,15.35
13,3,1,4,1.15,0,3,14.9
4,2,1,0,1.05,0,0,4.52
11,3,2,1,1.09,1,0,11.33
2,3,2,2,0.51,0,1,1.0
8,3,3,3,1.83,1,1,6.9
5,1,1,1,1.73,3,1,6.72
17,1,4,1,0.58,1,3,19.22
13,1,4,0,1.67,0,2,10.85
7,1,2,3,0.88,0,1,4.51
14,3,1,0,0.65,1,2,15.87
20,1,1,0,0.99,3,1,21.19
16,1,1,1,1.88,0,3,15.57
16,3,3,3,0.67,2,1,18.9
6,1,2,2,1.93,3,0,8.88
13,3,4,4,1.81,1,2,13.19
12,1,4,3,1.37,0,0,9.16
2,3,3,3,0.94,2,3,5.35
14,1,2,3,1.1,1,1,12.83
11,2,3,3,0.89,0,3,12.24
9,2,3,0,0.97,2,0,12.12
16,3,4,2,1.61,3,0,18.53
14,3,1,3,1.59,1,2,16.89
13,3,4,0,1.88,1,2,12.35
2,2,2,1,1.97,0,3,2.08
20,2,4,4,1.0,0,1,18.87
7,3,1,2,0.73,0,1,6.98
15,2,2,4,1.14,3,3,20.83
13,1,1,0,1.04,1,1,12.32
19,2,3,1,1.29,2,1,20.62
14,3,2,1,0.62,2,1,14.77
16,3,3,4,1.07,0,3,16.44
8,2,1,0,1.87,1,2,8.03
4,1,2,4,0.53,0,2,5.24
11,2,3,4,1.06,1,3,13.8
7,3,1,3,1.89,0,0,6.35
15,2,1,0,0.98,3,3,19.24
16,2,2,1,1.69,1,2,17.79
15,1,1,0,0.77,1,1,15.28
20,2,4,3,0.93,0,3,21.01
18,2,1,2,1.11,3,2,22.11
9,3,1,0,0.82,2,0,12.48
19,2,2,3,1.94,0,1,17.36
11,3,4,2,1.11,0,0,9.74
14,3,1,4,1.19,3,0,18.32
7,3,1,3,1.5,1,0,9.02
15,1,4,4,1.85,0,1,10.71
7,1,3,1,0.73,2,0,6.99
12,2,3,1,0.64,1,3,13.91
7,3,3,4,0.78,2,0,8.83
5,1,1,1,1.57,3,3,10.29
9,3,1,3,1.59,3,2,13.27
13,3,2,1,1.94,2,0,14.85
6,3,1,0,1.12,3,3,13.01
17,2,4,1,0.95,2,2,18.38
6,2,4,1,0.81,0,2,5.78
2,1,4,0,0.63,3,2,4.57
3,2,2,0,1.49,3,0,7.12
5,1,3,0,1.93,2,1,4.59
20,3,2,3,1.76,0,3,20.84
6,2,4,2,1.05,2,2,7.22
17,3,1,2,0.83,2,2,22.41
15,3,4,2,1.25,2,1,15.91
14,3,3,3,1.23,0,0,14.84
14,2,1,0,1.54,0,0,12.37
14,2,1,3,1.27,2,1,15.42
9,1,4,3,1.47,1,0,8.08
12,2,1,3,0.69,1,3,15.68
20,2,1,0,1.32,3,0,23.41
9,1,2,0,1.64,0,1,7.52
11,1,1,3,0.71,2,1,13.19
7,2,3,1,1.23,3,1,9.47
2,2,3,2,1.39,1,0,1.0
5,1,2,4,1.66,1,1,3.78
13,2,1,0,1.44,0,3,13.56
10,2,4,2,0.75,0,1,7.17
13,3,2,2,1.71,2,0,15.57
7,3,4,1,1.94,0,0,5.37
16,2,1,3,1.67,3,3,20.62
19,1,2,4,1.85,0,2,16.56
17,2,3,2,0.75,1,2,16.71
11,1,2,3,0.87,0,0,8.78
13,1,3,1,1.5,3,3,15.91
5,3,2,4,1.57,2,1,5.62
5,2,4,0,1.63,3,3,9.78
